poi,name
6601143580775942157,深圳市天文台
7012812968501086222,仁里村半岭  [{poi:6601143580775942157,name:深圳市天文台},{poi:7012812968501086222}]
6621721407627724813,东白山顶太白峰仙姑殿露营日出地
6601223636709820420,小勐拉
6601123546448021517,莲花山公园
6763399810277033992,鄱阳湖草海
6601128629462108173,红花山公园
6601140491016734727,罗定风车山
6711239025153378307,小冰岛
6601131497837561863,金沙湾观海长廊
6601126759721076744,燕鸣岛
6645814335979505672,东安湖体育公园
6601251411030181902,华为欧洲小镇
6601125688378411022,松山湖风景区
6601131210762618894,东白山
6601165856447662084,厦边龙马公园
7279602527551621175,魅力山城运动乐园
6814482992350693383,白沙湾海滨公园
7248512975122745401,武汉光谷空轨旅游线
6601126601029584910,东莞市银瓶山森林公园谢岗景区
6601230410074556420,丹景山狮子宝观景台
7139063893350942727,观澜古墟
6601132861347072007,东莞植物园
6601215356159657992,南极洛
6601140069434656771,林坑
6601243195785349128,鸳鸯坡
6737988274092132359,清平古墟影视小镇
6601136816663824392,桑园广场
6601124966475778051,杭州城市阳台
6601126920539080707,南宁国际会展中心
6651479754916513800,海景公园
6601134102684895236,梅沙尖
6601125693323479047,园山风景区
6696702526487578627,三帽记
6601125262060947470,阳台山森林公园
6601123726450755591,杭州西湖风景名胜区断桥残雪
6888652400282830860,望郎归
6601128819296307213,深圳人才公园
6601138425691113479,羊祜殿
7120929190769068036,格底拉姆·天空之城
6601129445317150727,观澜版画村
6623179502866401288,龙泉山城市森林公园合江景区
6601127533146540046,天池花海
7250381238601517088,边城茶峒景区
6601130805433468942,天河公园
6601139323695810573,东达山垭口
6601130870138996739,重庆中央公园
6601140463317551108,红枫湖
6601187051574396942,乌礁湾
6601130192381413384,南山公园
6892001509899241472,中国金钱松森林公园
6601139468978096131,龙珠温泉
6601129192576780296,马峦山瀑布
6601127985045047300,妥乐古银杏旅游景区
7210980944998565945,临海熊出没欢乐港湾
6601139124927727630,水底山
6601124085625784333,色达天葬台
6601131895730210829,青龙湖湿地公园
6621786848425412615,梧田老街
6601148703740790798,凤隐岩
6601130748185413636,广州·白云湖水利风景区
6740830260746569741,大梧桐山顶鹏城第一峰
7226548072304609295,万盛欢乐世界
6601134663094241288,小河直街历史文化街区
6601130654140729352,长江三峡大坝旅游区
6601124026532235267,凤凰山森林公园
6601131467391109133,五丰岛
6601139316729055236,梅林水库
6686312004585637901,海边公园
6601130208563038216,南头古城
6601130105181833229,渔人码头
6601124079246247943,湄洲岛国家旅游度假区
6601123532761991171,成都动物园
7076284270796343333,青城山景区
6601210511029716999,八门湾
6601136935735920644,立新湖公园
6601133638287362055,赵公山
6601124315624638467,黔灵山公园
6601132373532739587,宝安西湾红树林公园
6601141390409730061,兴隆湖湿地公园
6601126844513142792,宁波松兰山旅游度假区东沙滩
6688222316138072067,西溪古村
6601141877917878276,石门国家森林公园
6601125506643396616,月亮湖
6601143939628009476,宁乡灰汤职疗温泉度假基地
6601143024535734280,李坑
7066726727430440974,广州增城丝苗米稻田公园
6601128880570910734,海鸥岛
6601131982845904900,翰林湖农业公园
6809606422242822159,椿木营滑雪场
6611800010440837124,柯桥古镇景区
6884527208405239808,铜鼓汤里温泉酒店
7122046294482225152,中山温泉旅游区
6601136869851793412,广州圣心大教堂
7247842047996987392,稻城亚丁
6601140007912605699,三官顶
6601138806986901512,前海石公园
6601124276214958094,湖北省博物馆
6601123887361034243,重庆朝天门广场
6601127363180759053,顺峰山公园
6601129994347350029,沙面岛
6939266666031237156,背仔角灯塔
6601129634450900999,蟳蜅妈祖庙
6601125643096688644,捞渔河湿地公园
6978970489704171556,广州·西关永庆坊旅游区
6601139058733221891,东蒙山之巅
7163237126740379689,雅治街水杉林
6601128696294148103,锦里古街
6601123539196053511,杭州西湖风景名胜区雷峰塔景区
6601138367092492292,杭州运河夜游
6601168661199751172,花海生态公园
6601124054940256269,广东梧桐山风景名胜区
6601123776144869389,花城广场
6601137813251426312,四川建川博物馆聚落
6601143618923137031,珠江夜游广州塔中大码头(游纷享)
6601160209006069767,赤壁斗湖
6601219539738822670,牛头颈
6891539943970048007,云顶温泉度假酒店
6601137822436952077,拱北口岸广场
6820359671853942791,粤海关
6743167449815943181,折多山观雪台
6686607001176377358,汤里文化旅游度假区
6601097458623711245,长沙生态动物园
6601131192722933764,大渡河金口大峡谷旅游景区
6966726832088188966,北海银基冰雪王国
6601148952802756621,珠影排练场72家房客
6601259825324099592,四胜顶
6601131047541278728,中山公园
6828751088175335432,大姆山草场
6601137466407651331,不二门温泉
6601139874957412359,兰英大峡谷
6601192583295141902,旗冠顶
6663353125077862411,汕头市小公园
6601125640823375885,黑龙潭公园
6601129698967685123,国际非物质文化遗产博览园
6601139801489950734,南天湖国际滑雪场
6601281497947179021,毕棚沟-磐羊湖
6740761900520458253,浔埔古村
6601207564413749261,遇龙河竹筏漂流
6601210287427160072,子梅垭口
6601123811041478670,天府广场
7122628303680178179,广州文化馆新馆
6601137000449837070,中国弄拉
6664799487094966284,美丽南方
6601133014707603459,草海隧道公园
6601131249782229006,松山湖风景区松湖烟雨
6601148809701492749,瑞士园公园
6601132954942965763,余荫山房
6726749414720800772,铜仁大峡谷
6609993582436681731,皂幕凌云
6601131027869992973,钱江世纪公园
6601138490715408388,厦门同安影视城
6601124083696404483,中国第一滩
6872528812173838343,遗爱清风
6601130634163275779,黄满磜瀑布群
6967230701338904614,东清湖湿地公园
6601137312380241933,魁星楼
6601126550274312206,二沙岛
6858918730726918152,OMG网红直播街(岭南电商园店)
6601136984142383117,姐告口岸
6601137392487237640,中国汨罗江国际龙舟竞渡中心
6601140619056252932,茗山
6601137886467196936,熊猫谷
6924483306503292942,戴家巷崖壁步道
6749359435702945800,鹤浦大沙沙滩
6809456874556033036,龙华文化广场
6742898237012740103,圣莲花开
6792123132548335631,相思小镇
6601223349483866116,筑峰顶
6601126159780415501,武汉动物园
6601138505907177479,万景楼
6601138206308042766,花溪夜郎谷
6601134067461130253,摩天石
6601133814880143373,侨港海滩
6711846847679350792,东海岸大道堤坝观景点
6849362343508396046,巴布几内湾
6601126552027531268,李庄古镇景区
6686689959480412173,半掘蒲十一塘闸
6601131126071232515,小榄菊花园
6601137719403890695,莲花湖风景区
6601137006284113934,折多山
6889114751603836941,奶子沟风景区
6893624998934611983,马尔代夫沙滩
6601132607956584456,南北湖风景名胜区
6601144763401897998,鱼峰公园
7007074953644214279,二十四史书院
6601125303798466573,妈祖庙
6601126990621706254,东莞市同沙水库
6945574639338784806,下潭尾滨海湿地公园
6601126523313326084,世茂云上厦门观光厅
6601128722374330371,灵山景区
6601249046457747459,光头山
7024403435852302366,云绕亚拉·亚拉雪山观景台
6601129524824377348,宁波老外滩
6601128786194860039,清晖园
7191307984843048997,中坝森林公园
6601186258188240910,云华山
6794310980269541376,威灵古殿
6601199232277809165,杨屿山
6601140499027855364,大海草山
6899299077796661263,义乌鸡鸣阁
6601138286859651075,湖州太湖旅游度假区-太湖月亮湾
6601137507411167246,海天公园
6601128143925282824,彩云湖国家湿地公园
6601129540729178119,东江
7231840646414207013,成都双子塔
7231926191429519398,马家坞观景台
6601128919166879747,神农架中和国际滑雪场
6601127735756589059,赣州宋代古浮桥遗址
6601130220630050829,后湖国际艺术园
6601128984040179715,康定情歌广场
7019664730247661582,鉴湖花海
6601131986935351304,广阳岛
7219895992068343865,潼心谷生态园
6601136973195249672,厦门市鼓浪屿风景名胜区-港仔后沙滩
6601125353417082888,歌乐山国家森林公园
6601137167316027406,贵州森林野生动物园
6601136981927790605,元通古镇
6881012053885192206,石岩环湖碧道陌上花公园
6601124404606797827,梦里水乡百花园
6736524031526209543,对戒观景平台
7210372688160753722,熊婆婆的花园游乐园
6601132428029331459,安昌古镇
6601137730460059661,峙山公园
7025116856503666718,福州烟台山商业漫步街区
6601133328575760388,大罗山
6723846568170031116,南岳山
6601128445457991683,乌蒙大草原
7177296591915583549,大石板古村
6601129851892008963,南湖公园
6601159354076891150,虾公岩水库
6721791072047056900,西湾风景区-西湾金沙滩
6601206236870346755,月宫山古道
6897332938237544459,吕田镇桂峰村
6657366402179024910,襄阳古城
6601141798662309892,北湖生态公园
6601124391898056718,报德楼
7032342201178785796,牛背山景区
6601129996360615940,白云洞
6601148936130398211,望洲顶
6722643745679919108,瞪羚湖
6601136629392345092,大岭山广场
7272596452382083129,瓦窑坪历史文化街区
6601130413609977859,龙华汽车站广场
6601170369829144580,老黑山
6601130616547182605,麓湖公园
6601222785752631303,油麻山
7066388247655483404,白云湖
6601126023788496899,洪湖公园
6601134881688782851,银瓶山森林公园
6779010874372835341,西岭雪山风景名胜区-后山
6601137679373436936,莽山国家森林公园
7187712866860927013,广西-南宁之夜
7092321332901185567,建德市大同镇管村桥中心文化健身广场
7185479454511073284,遂宁国际会展中心
6601131930232555534,十里画廊
6977487040363382815,耒阳欢乐世界游乐园
6782022323013765131,坪山湿地公园
6708596779740432392,万佛洞景区
6601126906421069838,新堡·枫叶谷旅游度假区
6601189104275163144,鹅公髻
6894750895532148751,卧龙古渔村
6862551807701370883,苏稽古镇
6895554005330561038,饭桶山
6601190007220733966,水东街
6601141604889659405,泉州西街
7090758202320652318,SUNSET落日冲浪店
6724637733769185287,BIG海珠湾艺术园
6601139305316354052,王借岗森林公园
6601130650026117128,解放公园
6601131651734964238,深圳市凤凰山国家矿山公园
6601260925280339981,丝路奇幻城
6601133016024614915,白石湖公园
7232523376622602295,一片森林儿童博物馆
6601124903041107982,三叠岭瀑布
6601173682263951374,江西省博物馆新馆
6601131024527132675,桐乡凤凰湖
6601137555519834126,荷叶塘公园
7243661083133610016,成都科幻馆
6601145802049980430,仓桥直街历史街区
6601126786329741316,武汉国际博览中心
6721375692149262350,周家山观景台
6843778060752308227,潮府盛莲公园
6601124779288168452,东湖风景区
6628726177508886536,景德镇陶溪川创意广场
7247059688108328971,象州梦幻夜
6601171572612941828,括苍山
6601259293155002375,米头尖
6601137834390718477,遵义市仁怀茅台酒镇旅游景区
6601140331691902979,长寿村
6601188769376765959,黄连河风景区
6601124636891547661,马峦山郊野公园
6601131784732149774,望江楼公园
6834082798563821568,古子城
6601174746325321735,梦里水乡景区
6601126225891035140,鲁屯古镇
6991297519531591687,悬崖村
6934441889038862336,龙泉山观景台
6601131429818533892,柳江大型音乐喷泉
6601140072190314504,城市森林和谐广场
6601138761063467016,中心公园
6601129121302972420,浩海立方海洋世界
6663006649873221644,南宁不孤湖景区
6601138193586718733,郊野公园
6601137826648033293,大山包国家自然保护区
6601127207962150920,东湖公园
6934440350773676047,宝丰半岛湿地公园
6601132932142729224,大小井风景名胜区
6955613128054802439,月兔梦乐园
6601137064983398404,蓝溪国际滑雪场
6601132249331009543,徐州大景山滑雪场
6601129695398332419,陕西广播电视塔
6601137960647673860,林山滑雪场
6601124137794537476,哈尔滨冰雪大世界
6601126976449153031,华山国际滑雪场
6679654441236301832,真爱码头
6955052993633634318,渌洋湖湿地公园
6940379717597923362,明水古城国际泉水旅游度假区
6744185494931916808,外滩观景台
7057148799524800546,神湖四季滑雪场
6601203394168227848,丽波湾
6601130815768250381,国家会展中心(上海)
6601135975609403406,都尔鼻城静王府
6601124246515091459,雪乡国家森林公园-中国雪乡风景区
6601126158748616712,富龙滑雪场
6601142502143559683,驼梁风景区
6601137051750369288,兴庆宫公园
6601124057964349443,钟鼓楼
6601127884897650691,郑州国际会展中心
6934441883112310797,阿尔卑斯雪世界
6601131241628502020,太白鳌山滑雪场
6601130316306319373,弓长岭温泉滑雪场
6813336717597165582,骆岗中央公园
6601124336340305928,三国水浒景区
6601132230079170567,徂徕山滑雪场
6908467359103600652,热浪岛乐园
6601137204917962766,鄂尔多斯野生动物园
7192190479269414945,可可托海国际滑雪度假区
6601125886760601604,洪洞大槐树寻根祭祖园
6601128973155960835,三门峡高阳山温泉国际度假区
6780142451848972292,帕米尔旅游区
6861862048817612800,额尔古纳河乌兰山景区
6601138328798513159,终南山·南五台景区
6601132054325250052,硕平花海
6601130368303106062,蓟洲国际滑雪中心
7049654923398481957,万峰通化滑雪度假区
7267515436315445284,日出海湾
6601141134628505603,太白山国家森林公园
6601191372928059406,二干河
6601140832210782211,拉脊山口
6677129794741717006,玄武湖公园-明城墙
6601221450256877571,河南省科技馆(新馆)
6601128763566589955,伊龙滑雪场
6962276460779063330,秦岭四宝科学公园
7271102189933463586,郑州记忆·油化厂创意园
6601187493851170820,锡林郭勒大草原
6601138149844338695,绝望坡
6601137302087403533,牛草山风景区
6601150561645512708,圣和轩西沽书画园
6601125477866276878,柏尖山景区
6601140476575746056,嘉午台风景区
6601136855205283844,嵩山国家重点风景名胜区
6960654265035524096,临汾市动物园
6601130464583354375,水浒城
7161807390524999693,香草园滑雪场
6601123761724852227,紫金山
6601133334800107524,西安环城公园
6886454764222089219,金山岭银河滑雪场
6601129377730136068,大同万龙白登山国际滑雪场
6601127808070584334,二七广场
7233639821783074873,可可托海国际滑雪场
6601170791297976324,中国红岛国际会议展览中心
7014776750181713924,蜀山区小岭南花海
6601127900634679309,青岛第三海水浴场
6601137431292938253,易县千佛山森林公园
6601137266825889800,兴隆山滑雪场
6601142889747597319,山塘街
6601127550959749123,棋盘山冰雪大世界
6601123703478552590,上海人民广场
6724967448510023683,徐州红枫公园
6601136730215024648,九顶塔滑雪场
6601138483467651086,德州市城市中心广场
6601223018662332430,商丘古城
6601136946871797767,秦岭风景区
6601127424681838599,龟山湿地公园
7224035284877314087,青岛明月山海间
6601123746906376205,天津之眼
7102295208695433254,菱溪公园
7150894646304966664,广武国际滑雪场
6601139649119258632,凤麒滑雪场
6601128194663778311,丹顶鹤湿地生态旅游区
6601142260526483463,圭峰山
6601124687395162125,郑州市动物园
6601146819021899780,马鬃岭景区
6601128401547823118,北外滩滨江绿地
6601126575951841287,徐州云龙湖旅游景区
6601127272193722371,三国城
7191084002470529061,黑猫沟大峡谷
6601137912564156423,沙溪古镇区
6601138182199183363,南京中山植物园
6601124589525272584,西安世博园
6601131530725099533,奥悦碾子山国际滑雪场
7023652532987627533,花youngPark幸福列车
6601143350785476621,瑞光创意工厂
6601128448347867140,千山风景区
6882183219236636687,雁南公园
6740196783340767236,铁路公园1期机车公园
6601128804976953358,郑州市人民公园
6601124668038449160,北湖公园
6601124923123435528,滹沱河生态旅游景区
6905128768533170184,平江路
6601137057806960648,香山生态观光园
6611309848560666631,千年古镇河下
6864182458213074948,中国大运河博物馆
6745383488834308099,太湖花海
6601124982049212423,壕熊庄园
6601125877965129731,山西太行山大峡谷旅游景区-八泉峡景区
7006150434298300446,龙沙公园-望江楼
6601136892639447053,上海自然博物馆上海科技馆分馆
6601133025138837512,梅里古镇
7260020257342654504,皖南野生动物园
6601128604321449991,长江采石矶文化生态旅游区
6601136779565205518,太原市森林公园
6601125997712508941,崛围山
6601136708073293838,雪乡大雪谷
6601132795177732100,上海浦江郊野公园
6601145907381536782,梵仙山
6601138637272778759,崇明岛
6601124981046773768,石湖景区
6601131954244945927,曲水亭街
6601126586353715204,净月潭国家森林公园
6601142318252705795,世界功夫艺术中心
6601147024593127428,白沙湖
6601127325570435076,秦淮河
6601131204429219843,清名桥古运河景区
6711321806927628302,龙湖金融岛
6739699049248606216,北太湖(望亭)旅游风景区
6601213484178868228,五龙壑
6601134153326921736,芦芽山风景区
6601140479939594253,布达拉宫广场
6885884453969823759,沣柳路沣河公园
6750199875243132942,粉黛园
6601126172988278791,六朝博物馆
6601137613850019844,苏州中国花卉植物园
6601123633748248580,八一广场
6601132175830026253,碧沙岗公园
6601137749590280199,漳泽湖国家城市湿地公园
6601139048457177091,太华山
6601139587014199310,金鸡湖音乐喷泉
7232919651259271225,天柱沟大峡谷
6601129506256193544,半坡国际艺术区
6621368502894725133,琅琊园
6601142835875940360,西山森林公园
6976840102777456648,明水古城
7277471585571702824,逍遥谷高空乐园
6601131859969591303,广府古城
6745098699417995268,蔚县市民广场
6601139533150947331,开封市鼓楼广场-鼓楼
6914773515031808008,黄河天鹅号游轮
7265234561724844068,曼哈顿欢乐谷
6601126405939922947,阿那亚游玩
6860285045966522383,兰州黄河铁桥
6601137103264827406,滆湖公园
6601130452688308232,世纪公园
6708498577003415559,陈家港网红沙滩
6752554291979995148,桐城木鱼山乐园
6601128986401572878,芜湖滨江公园
7102934328924964897,宝泉崖天下
7270382191627274300,沙雅县它乾城古城景区
6861244605246048256,赤牛坬
6601138228940507149,神龙湾挂壁公路观景台
6601137588067633159,中华石鼓园
7145784110017939490,荞麦花海
6949986741017266213,U型公路'
6601127145886451720,紫荆山公园
6601129472605292558,夜游黄浦江
6601140707950331908,吉林省东北虎园
6601140694453061635,青果巷历史文化街区
6601138010400491528,天龙湖公园
6769394891165272078,白银坨风景区-仙风峪
6601131681728432141,清西陵
6863470423972005899,正定南城门楼
7123103465143961607,长江不夜城
6601129987917481998,豫园老街
6765638295935322124,西安幸福林带
6601138531479848974,金山公园
6893633154448361487,井底民俗村
6601268957133408269,东疆亲海公园
6679538858037725191,庆都山旅游度假区唐尧古镇
6601141782233221127,德基艺术博物馆
6739969635065677831,合柴1972
6601210369035732995,黑龙江省虎林市八五零农场
7037534033516955685,超然楼广场
6749186570277996548,沙雅县沙雁洲景区
6601124754084595719,苏州太湖园博园
6601145075214845959,常州文化广场
6601124539835369475,津湾广场
6876451650383448077,大宋御河
6649320580237559811,河北东方学院-喷泉广场
6893258751629854735,菠萝山
7279340642542340115,墨上集·拾光影城
6601195435862263815,蠡河公园
6601143645024290819,曲阜明故城(三孔)旅游区
6891208334783809536,北龙湖湿地公园
6601128711389448199,天津古文化街
6786826103194470412,曹魏古城
6601189457532028936,天津意式风情街
6601140713415510020,焦岗湖影视城
6601124669057665027,泉城广场
6601134370755446787,北湖公园
6601129967218591748,管仲老街
6659540750021265412,仓巷街
6601145112758061070,乌鲁木齐文化中心
6601139859966920708,始祖山